org,phone,email,url,script_type
MORTGAGE NOTE BUYERS ATHENS GA - Houzz,470-548-6711,,https://www.houzz.com/professionals/home-builders/mortgage-note-buyers-athens-ga-pfvwus-pf~440133882,note_buyer_precommit
MORTGAGE NOTE BUYERS ATHENS GA - Houzz,,cnuathensga@gmail.com,https://www.houzz.com/professionals/home-builders/mortgage-note-buyers-athens-ga-pfvwus-pf~440133882,note_buyer_email
Note Buyers in Georgia – Sell A Private Mortgage ... - Oneca,678-665-0545,,https://www.onecagroupinvestments.com/step-2/local-note-buyers/,note_buyer_precommit
"Mortgage Note: What It Is, How It Works, How to Sell One - A",866-990-4201,,https://www.annuity.org/selling-payments/mortgage-notes/what-is-a-mortgage-note/,note_buyer_precommit
Mortgage Division Contacts | Department of Banking and Finan,,lrose@dbf.state.ga.us,https://dbf.georgia.gov/mb-brokers-lenders-and-originators/mortgage-division-contacts,note_buyer_email
Mortgage Division Contacts | Department of Banking and Finan,,sadams@dbf.state.ga.us,https://dbf.georgia.gov/mb-brokers-lenders-and-originators/mortgage-division-contacts,note_buyer_email
Mortgage Division Contacts | Department of Banking and Finan,,msneed@dbf.state.ga.us,https://dbf.georgia.gov/mb-brokers-lenders-and-originators/mortgage-division-contacts,note_buyer_email
Atlanta Note Buyers - We Buy Loans Fast,(888) 227-7956,,https://www.webuyloansfast.com/atlanta-note-buyers/,note_buyer_precommit
Sell Your Mortgage Note for Cash | Porch Swing Funding,(866) 399-2871,,https://porchswingfunding.com/,note_buyer_precommit
Sell Your Atlanta Mortgage Note to Atlanta GA Note Buyers,(772) 232-2383,,https://www.buymortgage.com/atlanta-ga-note-buyers/,note_buyer_precommit
Sell Your Atlanta Mortgage Note to Atlanta GA Note Buyers,772-232-2383,,https://www.buymortgage.com/atlanta-ga-note-buyers/,note_buyer_precommit
Buy A Note for Higher Returns in Real Estate | JEMI Holdings,(877)-554-1560,,https://www.jemiholdingsus.com/,note_buyer_precommit
Trusted Note Buyer: Home,(310) 909-3360,,https://trustednotebuyer.com/,note_buyer_precommit
